Category,Resume_Length,Skills_Count,Experience,api,boot,css,django,experience,frontend,html,java,javascript,microservices,ml,python,react,spring,sql
Data Science,7,1,1,0.0,0.0,0.0,0.4472135954999579,0.4472135954999579,0.0,0.0,0.0,0.0,0.0,0.4472135954999579,0.4472135954999579,0.0,0.0,0.4472135954999579
Software Engineer,6,1,4,0.4472135954999579,0.4472135954999579,0.0,0.0,0.0,0.0,0.0,0.4472135954999579,0.0,0.4472135954999579,0.0,0.0,0.0,0.4472135954999579,0.0
Web Developer,6,1,2,0.0,0.0,0.4472135954999579,0.0,0.0,0.4472135954999579,0.4472135954999579,0.0,0.4472135954999579,0.0,0.0,0.0,0.4472135954999579,0.0,0.0
